<?xml version="1.0" encoding="UTF-8"?>
<project xmlns="http://maven.apache.org/POM/4.0.0" xmlns:xsi="http://www.w3.org/2001/XMLSchema-instance" xsi:schemaLocation="http://maven.apache.org/POM/4.0.0 http://maven.apache.org/maven-v4_0_0.xsd">
  <modelVersion>4.0.0</modelVersion>
  <groupId>com.transacciones</groupId>
  <artifactId>hotel</artifactId>
  <version>1.0-SNAPSHOT</version>
  <build>
    <resources>
      <resource>
        <directory>src/main/resources</directory>
      </resource>
      <resource>
        <targetPath>${project.build.outputDirectory}</targetPath>
        <directory>src/main/java</directory>
        <includes>
          <include>**/*.svg</include>
          <include>**/*.png</include>
        </includes>
      </resource>
    </resources>
    <plugins>
      <plugin>
        <artifactId>maven-compiler-plugin</artifactId>
        <version>3.11.0</version>
        <configuration>
          <release>17</release>
          <encoding>${project.build.sourceEncoding}</encoding>
          <showWarnings>true</showWarnings>
          <showDeprecation>true</showDeprecation>
        </configuration>
      </plugin>
      <plugin>
        <artifactId>maven-resources-plugin</artifactId>
        <version>3.3.1</version>
        <configuration>
          <nonFilteredFileExtensions>
            <nonFilteredFileExtension>svg</nonFilteredFileExtension>
            <nonFilteredFileExtension>png</nonFilteredFileExtension>
          </nonFilteredFileExtensions>
        </configuration>
      </plugin>
      <plugin>
        <groupId>org.codehaus.mojo</groupId>
        <artifactId>exec-maven-plugin</artifactId>
        <version>3.1.0</version>
        <configuration>
          <mainClass>com.transacciones.Main</mainClass>
          <cleanupDaemonThreads>false</cleanupDaemonThreads>
          <arguments>
            <argument>-Djava.awt.headless=false</argument>
          </arguments>
        </configuration>
      </plugin>
      <plugin>
        <artifactId>maven-shade-plugin</artifactId>
        <version>3.5.0</version>
        <executions>
          <execution>
            <phase>package</phase>
            <goals>
              <goal>shade</goal>
            </goals>
            <configuration>
              <transformers>
                <transformer>
                  <mainClass>com.transacciones.Main</mainClass>
                </transformer>
                <transformer />
              </transformers>
              <filters>
                <filter>
                  <artifact>*:*</artifact>
                  <excludes>
                    <exclude>META-INF/*.SF</exclude>
                    <exclude>META-INF/*.DSA</exclude>
                    <exclude>META-INF/*.RSA</exclude>
                  </excludes>
                </filter>
              </filters>
            </configuration>
          </execution>
        </executions>
      </plugin>
    </plugins>
  </build>
  <profiles>
    <profile>
      <id>dev</id>
      <build />
    </profile>
  </profiles>
  <dependencies>
    <dependency>
      <groupId>com.oracle.database.jdbc</groupId>
      <artifactId>ojdbc17</artifactId>
      <version>21.1.0.0</version>
      <scope>system</scope>
      <systemPath>${project.basedir}/lib/ojdbc17.jar</systemPath>
    </dependency>
  </dependencies>
  <properties>
    <project.build.sourceEncoding>UTF-8</project.build.sourceEncoding>
    <maven.compiler.target>17</maven.compiler.target>
    <flatlaf.version>3.4.1</flatlaf.version>
    <maven.compiler.source>17</maven.compiler.source>
    <batik.version>1.16</batik.version>
  </properties>
</project>
